226,226,226,226,226,226,226,226,226,226,226,226,226,226,226,226,226,226,226,226,226,226,226,226,226,226,226,226,226,226,226,226,226,226,226,226,226,226,226,226,226,226,226,226,226,226,226,226,226,226,226,226,226,226,226,226,226,226,226,226,226,226,226,226,226,226,226,226,173,150,150,150,150,150,150,150,150,150,150,150,150,150,150,150,150,150,150,150,150,150,150,150,150,150,150,150,150,150,150,150
226,226,226,226,226,226,226,226,226,226,226,226,226,226,226,226,226,226,226,226,226,226,226,226,226,226,226,226,226,226,226,226,226,226,226,226,226,226,226,226,226,226,226,226,226,226,226,226,226,226,226,226,226,226,226,226,226,226,226,226,226,226,226,226,226,226,226,169,269,150,150,150,150,150,150,150,150,150,150,150,150,150,150,150,150,150,150,150,150,150,150,150,150,150,150,150,150,150,150,150
226,226,226,226,226,226,226,226,226,226,226,226,226,226,226,226,226,226,226,226,226,226,226,226,226,226,226,226,226,226,226,226,226,226,226,226,226,226,226,226,226,226,226,226,226,226,226,226,226,226,226,226,226,226,226,226,226,226,226,226,226,226,226,226,169,267,267,269,150,150,150,150,150,150,150,150,150,150,150,150,150,150,150,150,150,150,150,150,150,150,150,150,150,150,150,150,150,150,150,150
226,226,226,226,226,169,267,267,267,267,170,226,226,169,267,267,267,267,267,267,267,267,170,226,226,226,226,226,226,226,226,226,226,226,226,226,226,226,226,226,226,226,226,226,226,226,226,226,226,226,226,226,226,226,226,226,226,226,226,169,267,267,267,267,269,150,150,150,150,150,150,150,150,150,150,150,150,150,150,150,150,150,150,150,150,150,150,150,150,150,150,150,150,150,150,150,150,150,150,150
226,169,267,267,267,269,150,150,150,150,264,267,267,269,150,150,150,150,150,150,150,144,194,226,226,226,226,226,226,226,226,226,226,226,226,226,226,226,226,226,226,226,226,226,226,226,226,226,226,226,226,226,226,226,226,226,226,169,267,269,150,150,150,150,150,150,150,150,150,150,150,150,150,150,150,150,150,150,150,150,150,0,3,2,3,5,150,150,150,150,150,150,150,150,150,150,150,150,150,150
267,269,150,150,150,150,150,150,150,150,150,150,150,150,150,150,150,150,150,150,150,264,267,170,226,226,226,226,226,226,226,226,226,226,226,226,226,226,226,226,226,226,226,226,226,226,226,226,226,226,226,226,169,267,267,267,267,269,150,150,150,150,150,150,150,150,150,150,150,150,150,150,150,150,150,150,150,150,150,0,1,50,100,100,100,29,150,150,150,150,150,150,150,150,150,150,150,150,150,150
150,150,150,150,150,150,150,150,150,150,150,150,150,150,150,0,2,2,5,150,150,150,150,192,226,226,226,226,226,226,226,226,226,226,226,226,226,226,226,226,226,226,226,226,226,226,226,226,169,267,267,267,269,150,150,150,150,150,150,150,150,150,150,150,150,0,2,2,5,150,150,150,150,150,150,150,150,150,150,24,100,100,100,100,100,29,150,150,150,150,150,150,150,150,150,150,150,150,150,150
150,150,150,150,150,150,150,150,150,150,150,150,150,0,2,50,100,100,49,5,150,150,150,264,267,267,170,226,226,226,226,226,226,226,226,226,226,226,226,226,226,226,226,226,226,226,169,267,269,150,150,150,150,150,150,150,150,150,150,150,150,150,150,150,150,24,100,100,49,3,3,3,5,150,150,150,150,150,0,50,100,100,100,100,100,29,150,150,150,150,150,150,150,150,150,150,150,150,150,150
150,150,150,150,150,150,150,150,150,150,150,150,150,48,100,100,100,100,100,29,150,150,150,150,150,150,264,267,267,267,170,226,226,226,226,226,226,226,226,226,169,267,267,267,267,267,269,150,150,150,150,150,150,150,150,150,150,150,150,150,150,150,150,150,150,24,100,100,100,100,100,100,29,150,150,150,150,150,72,100,100,25,123,123,123,125,150,150,150,150,150,150,150,150,150,150,150,150,150,150
150,150,150,150,150,150,150,150,150,150,150,150,150,48,100,100,100,100,100,49,5,150,150,150,150,150,150,150,150,150,264,267,170,226,226,226,226,226,226,169,269,150,150,150,150,150,150,150,150,150,150,150,150,150,150,150,150,150,150,150,150,150,150,150,150,24,100,100,100,100,100,100,49,4,5,150,150,150,24,100,100,53,150,150,150,150,150,150,150,150,150,150,150,150,150,150,150,150,150,150
150,150,150,150,150,150,150,150,150,150,150,150,150,48,100,100,100,100,100,100,29,150,150,150,150,150,150,150,150,150,150,150,264,170,226,226,226,226,226,197,150,150,150,150,150,150,150,150,150,150,150,150,150,150,150,150,150,150,150,150,150,150,150,150,150,24,100,100,100,100,100,100,100,100,29,150,150,150,72,100,25,125,150,150,150,150,150,150,150,150,150,150,150,150,150,150,150,150,150,150
150,150,150,150,150,150,150,150,150,150,0,2,2,50,100,100,100,100,100,100,29,150,150,150,150,150,150,150,150,150,150,150,150,264,267,170,226,169,267,269,150,150,150,150,150,150,150,150,150,150,150,150,150,150,150,150,150,150,150,150,150,150,150,0,3,50,100,100,100,100,100,100,100,100,29,150,150,150,120,123,125,150,150,150,150,150,150,150,150,150,150,150,150,150,150,150,150,150,150,150
150,150,150,150,150,150,150,150,0,2,50,100,100,100,100,100,100,100,100,100,29,150,150,150,150,150,150,150,150,150,150,150,150,150,150,264,267,269,150,150,150,150,150,150,150,150,150,150,150,150,150,150,150,150,150,150,150,150,150,150,150,150,0,50,100,100,100,100,100,100,100,100,100,100,29,150,150,150,150,150,150,150,0,2,2,5,150,150,150,150,150,150,150,150,150,150,150,150,150,150
150,150,150,150,150,150,150,150,24,100,100,100,100,100,100,100,100,100,100,25,125,150,150,150,150,150,150,150,150,150,150,150,150,150,150,150,150,150,150,150,150,150,150,150,150,150,150,150,150,150,150,150,150,150,150,150,150,150,150,150,150,150,48,100,100,100,100,100,100,100,100,100,25,123,125,150,150,150,150,150,150,0,50,100,100,49,5,150,150,150,150,150,150,150,150,150,150,150,150,150
150,150,150,150,150,150,150,150,24,100,100,100,100,100,100,100,100,100,100,29,150,150,150,150,150,150,150,150,150,150,150,150,150,150,150,150,150,150,150,150,150,150,150,150,150,150,150,150,150,150,150,150,150,150,150,150,150,150,150,150,150,150,120,26,100,100,100,100,100,100,100,100,49,2,5,150,150,150,150,150,0,50,100,100,100,100,49,5,150,150,150,150,150,150,150,150,150,150,150,150
150,150,150,150,150,150,150,150,24,100,100,100,100,100,100,100,100,100,100,49,5,150,150,150,150,150,150,150,150,150,150,150,150,150,150,150,150,150,150,150,150,150,150,150,150,150,150,150,150,150,150,150,150,150,150,150,150,150,150,150,150,150,150,120,122,123,124,26,100,100,100,100,100,100,29,150,150,150,150,0,50,100,100,100,100,100,100,29,150,150,150,150,150,150,150,150,150,150,150,150
150,150,150,150,150,150,150,150,24,100,100,100,100,100,100,100,100,100,100,100,49,2,2,5,150,150,150,150,150,150,150,150,150,150,150,150,150,150,150,150,150,150,150,150,150,150,150,150,150,150,150,150,150,150,150,150,150,150,150,150,150,150,150,150,150,150,150,120,26,100,100,100,100,100,49,1,1,2,5,24,100,100,100,100,100,100,100,29,150,150,150,150,150,150,150,150,150,150,150,150
150,150,150,150,150,150,150,150,120,123,26,100,100,100,100,100,100,100,100,100,100,100,100,29,150,150,150,150,150,150,150,150,150,150,150,150,150,150,150,150,150,150,150,150,150,150,150,150,150,150,150,150,150,150,150,150,150,150,150,150,150,150,150,150,150,150,150,150,24,100,100,100,100,100,100,100,100,100,49,50,100,100,100,100,100,100,100,29,150,150,150,150,150,150,150,150,150,150,150,150
150,150,150,150,150,150,150,150,150,150,48,100,100,100,100,100,100,100,100,100,100,100,100,29,150,150,150,150,150,150,150,150,150,150,150,150,150,150,150,150,150,150,150,150,150,150,150,150,150,150,150,150,150,150,150,150,150,150,150,150,150,150,150,150,150,150,150,150,24,100,100,100,100,100,100,100,100,100,100,100,100,100,100,100,100,100,100,29,150,150,150,150,150,150,150,150,150,150,150,150
150,150,150,150,150,150,150,150,150,150,48,100,100,100,100,100,100,100,100,100,100,100,100,29,150,150,150,150,150,150,150,150,150,150,150,150,150,150,150,150,150,150,150,150,150,150,150,150,150,150,150,150,150,150,150,150,150,150,150,150,150,150,150,150,150,150,150,150,24,100,100,100,100,100,100,100,100,100,100,100,100,100,100,100,100,100,100,29,150,150,150,150,150,150,150,150,150,150,150,150
150,150,150,150,150,150,150,150,150,0,50,100,100,100,100,100,100,100,100,100,100,100,100,29,150,150,150,150,150,150,150,150,150,150,150,150,150,150,150,150,150,150,150,150,150,150,150,150,150,150,150,150,150,150,150,150,150,150,150,150,150,150,150,150,150,150,150,150,120,26,100,100,100,100,100,100,100,100,100,100,100,100,100,100,100,100,25,125,150,150,150,150,150,150,150,150,150,150,150,150
150,150,150,150,150,150,150,150,150,24,100,100,100,100,100,100,100,100,100,25,123,123,123,125,150,150,150,150,150,150,150,150,150,150,150,150,150,150,150,150,150,150,150,150,150,150,150,150,150,150,150,150,150,150,150,150,150,150,150,150,150,150,150,150,150,150,150,150,150,24,100,100,100,100,100,100,100,100,100,100,100,100,100,100,100,100,29,150,150,150,150,150,150,150,150,150,150,150,150,150
150,150,150,150,150,150,150,150,150,24,100,100,100,100,100,100,25,123,123,125,150,150,150,150,150,150,150,150,150,150,150,150,150,150,150,150,150,150,150,150,150,150,150,150,150,150,150,150,150,150,150,150,150,150,150,150,150,150,150,150,150,150,150,150,150,150,150,150,150,24,100,100,100,100,100,100,100,100,100,25,26,100,100,100,100,100,29,150,150,150,150,150,150,150,150,150,150,150,150,150
150,150,150,150,150,150,150,150,150,24,100,25,123,123,123,123,125,150,150,150,150,150,150,150,150,150,150,150,150,150,150,150,150,150,150,150,150,150,150,150,150,150,150,150,150,150,150,150,150,150,150,150,150,150,150,150,150,150,150,150,150,150,150,150,150,150,150,150,150,24,25,26,100,100,25,122,123,122,26,49,50,100,100,100,100,100,49,5,150,150,150,150,150,150,150,150,150,150,150,150
150,150,150,150,150,150,150,150,150,120,123,125,150,150,150,150,150,150,150,150,150,150,150,150,150,150,150,150,150,150,150,150,150,150,150,150,150,150,150,150,150,150,150,150,150,150,150,150,150,150,150,150,150,150,150,150,150,150,150,150,150,150,150,150,150,150,150,150,150,120,125,24,25,122,125,150,150,150,120,26,100,100,100,100,100,100,100,49,5,150,150,150,150,150,150,150,150,150,150,150
150,150,150,150,150,150,150,150,150,150,150,150,150,150,150,150,150,150,150,150,150,150,150,150,150,150,150,150,150,150,150,150,150,150,150,150,150,150,150,150,150,150,150,150,150,150,150,150,150,150,150,150,150,150,150,150,150,150,150,150,150,150,150,150,150,150,150,150,150,150,150,24,49,5,150,150,150,150,0,73,26,100,100,100,100,100,100,100,49,5,150,150,150,150,150,150,150,150,150,150
150,150,150,150,150,150,150,150,150,150,150,150,150,150,150,150,150,150,150,150,150,150,150,150,150,150,150,150,150,150,150,150,150,150,150,150,150,150,150,150,150,150,150,150,150,150,150,150,150,150,150,150,150,150,150,150,150,150,150,150,150,150,150,150,150,150,150,150,150,150,150,24,25,97,3,3,3,3,98,125,120,26,100,100,100,100,100,100,100,29,150,150,150,150,150,150,150,150,150,150
150,150,150,150,150,150,150,150,150,150,150,150,150,150,0,2,2,5,150,150,150,150,150,150,150,150,150,150,150,150,150,150,150,150,150,150,150,150,150,150,150,150,150,150,150,150,150,150,150,150,150,150,150,150,150,150,150,150,150,150,150,150,150,150,150,150,150,150,150,150,0,73,74,73,122,26,100,100,49,3,3,73,122,26,100,100,100,100,100,49,5,150,150,150,150,150,150,150,150,150
150,150,150,150,150,150,150,150,150,150,150,150,150,150,24,100,100,49,5,150,150,150,150,150,150,150,150,150,150,150,150,150,150,150,150,150,150,150,150,150,150,150,150,150,150,150,150,150,150,150,150,150,150,150,150,150,150,150,150,150,150,150,150,150,150,150,150,150,150,150,120,125,120,125,150,120,123,123,123,124,121,125,150,120,26,100,100,100,100,100,49,5,150,150,150,150,150,150,150,150
150,150,150,150,150,150,150,150,150,150,150,150,150,150,24,100,100,100,29,150,150,150,150,150,150,150,150,150,150,150,150,150,150,150,150,150,150,150,150,150,150,150,150,150,150,150,150,150,150,150,150,150,150,150,150,150,150,150,150,150,150,150,150,150,150,150,150,150,150,150,150,150,150,150,150,150,150,150,150,150,150,150,150,150,120,123,26,100,100,100,100,29,150,150,150,150,150,150,150,150
150,150,150,150,150,150,150,150,150,150,150,150,150,150,24,100,100,100,29,150,150,150,150,150,150,150,150,150,150,150,150,150,150,150,150,150,150,150,150,150,150,150,150,150,150,150,150,150,150,150,150,150,150,150,150,150,150,150,150,150,150,150,150,150,150,150,150,150,150,150,150,150,150,150,150,150,150,150,150,150,150,150,150,150,150,150,120,26,100,100,100,29,150,150,150,150,150,150,150,150
150,150,150,150,150,150,150,150,150,150,150,150,150,150,24,100,100,25,125,150,150,150,150,150,150,150,150,150,150,150,150,150,150,150,150,150,150,150,150,150,150,150,150,150,150,150,150,150,150,150,150,150,150,150,150,150,150,150,150,150,150,150,150,150,150,150,150,150,150,150,150,150,150,150,150,150,150,150,150,150,150,150,150,150,150,150,150,24,100,100,100,29,150,150,150,150,150,150,150,150
150,150,150,150,150,150,150,150,150,150,150,150,150,150,120,122,122,125,150,150,150,150,150,150,150,150,150,150,150,150,150,150,150,150,150,150,150,150,150,150,150,150,150,150,150,150,150,150,150,150,150,150,150,150,150,150,150,150,150,150,150,150,150,150,150,150,150,150,150,150,150,150,150,150,150,150,150,150,150,150,150,150,150,150,150,150,150,120,26,100,100,29,150,150,150,150,150,150,150,150
150,150,150,150,150,150,150,150,150,150,150,150,150,150,150,150,150,150,150,150,150,150,150,150,150,150,150,150,150,150,150,150,150,150,150,150,150,150,150,150,150,150,150,150,150,150,150,150,150,150,150,150,150,150,150,150,150,150,150,150,150,150,150,150,150,150,150,150,150,150,150,150,150,150,150,150,150,150,150,150,150,150,150,150,150,150,150,150,24,100,100,29,150,150,150,150,150,150,150,150
150,150,150,150,150,150,150,150,150,150,150,150,150,150,150,150,150,150,150,150,150,150,150,150,150,150,150,150,150,150,150,150,150,150,150,150,150,150,150,150,150,150,150,150,150,150,150,150,150,150,150,150,150,150,150,150,150,150,150,150,150,150,150,150,150,150,150,150,150,150,150,150,150,150,150,150,150,150,150,150,150,150,150,150,150,150,150,150,24,100,100,29,150,150,150,150,150,150,150,150
150,150,150,150,150,150,150,150,150,150,150,150,150,150,150,150,150,150,150,150,150,150,150,150,150,150,150,150,150,150,150,150,150,150,150,150,150,150,150,150,150,150,150,150,150,150,150,150,150,150,150,150,150,150,150,150,150,150,150,150,150,150,150,150,150,150,150,150,150,150,150,150,150,150,150,150,150,150,150,150,150,150,150,150,150,150,150,150,24,100,100,29,150,150,150,150,150,150,150,150
150,150,150,150,150,150,150,150,150,150,150,150,150,150,150,150,150,150,150,150,150,150,150,150,150,150,150,150,150,150,150,150,150,150,150,150,150,150,150,150,150,150,150,150,150,150,150,150,150,150,150,150,150,150,150,150,150,150,150,150,150,150,150,150,150,150,150,150,150,150,150,150,150,150,150,150,150,150,150,150,150,150,150,150,150,150,0,2,50,100,100,29,150,150,150,150,150,150,150,150
150,150,150,150,150,150,150,150,150,150,150,150,150,150,150,150,150,150,150,150,150,150,150,150,150,150,150,150,150,150,150,150,150,150,150,150,150,150,150,150,150,150,150,150,150,150,150,150,150,150,150,150,150,150,150,150,150,150,150,150,150,150,150,150,150,150,150,150,150,150,150,150,150,150,150,150,150,150,150,150,150,150,150,0,2,2,50,100,100,100,25,125,150,150,150,150,150,150,150,150
150,150,150,150,150,150,150,150,150,150,150,150,150,150,150,150,150,150,150,150,150,150,150,150,150,150,150,150,150,150,150,150,150,150,150,150,150,150,150,150,150,150,150,150,150,150,150,150,150,150,150,150,150,150,150,150,150,150,150,150,150,150,150,150,150,150,150,150,150,150,150,150,150,150,150,150,150,150,150,150,150,150,0,50,76,100,100,100,100,100,29,150,150,150,150,150,150,150,150,150
150,150,150,150,150,150,150,150,150,150,150,150,150,150,150,150,150,150,150,150,150,150,150,150,150,150,150,150,150,150,150,150,150,150,150,150,150,150,150,150,150,150,150,150,150,150,150,150,150,150,150,150,150,150,150,150,150,150,150,150,150,150,150,150,150,150,150,150,150,150,150,150,150,150,150,150,150,150,150,150,150,150,24,100,100,100,100,100,100,25,125,150,150,150,150,150,150,150,150,150
150,150,150,150,150,150,150,150,150,150,150,150,150,150,150,150,150,150,150,150,150,150,150,150,150,150,150,150,150,150,150,150,150,150,150,150,150,150,150,150,150,150,150,150,150,150,150,150,150,150,150,150,150,150,150,0,3,3,3,3,5,150,150,150,150,150,150,150,150,150,150,150,150,150,150,150,150,150,150,150,150,150,24,100,100,100,100,100,25,125,150,150,150,150,150,150,150,150,150,150
150,150,150,150,150,150,150,150,150,150,150,150,150,150,150,150,150,150,150,150,150,150,150,150,150,150,150,150,150,150,150,150,150,150,150,150,150,150,150,150,150,150,150,150,150,150,150,150,150,150,150,150,150,0,2,50,100,100,100,100,49,3,3,5,150,150,150,150,150,150,150,150,150,150,150,150,150,150,150,150,150,150,120,26,100,100,25,123,125,150,150,150,150,150,150,150,150,150,150,150
150,150,150,150,150,150,150,150,150,150,150,150,150,150,150,150,150,150,150,150,150,150,150,150,150,150,150,150,150,150,150,150,150,150,150,150,150,150,150,150,150,150,150,150,150,150,150,150,150,150,150,150,150,24,100,100,100,100,100,100,100,100,100,49,3,3,5,150,150,150,150,150,150,150,150,150,150,150,150,150,150,150,150,24,100,100,29,150,150,150,150,150,150,150,150,150,150,150,150,150
150,150,150,150,150,150,150,150,150,150,150,150,150,150,150,150,150,150,150,150,150,150,150,150,150,150,150,150,150,150,150,150,150,150,150,150,150,150,150,150,150,150,150,150,150,150,150,150,150,150,150,150,0,50,100,100,100,100,100,100,100,100,100,100,100,100,53,150,150,150,150,150,150,150,150,150,150,150,150,150,150,150,150,120,123,123,125,150,150,150,150,150,150,150,150,150,150,150,150,13
150,150,150,150,150,150,150,150,150,150,150,150,150,150,150,150,150,150,150,150,150,150,150,150,150,150,150,150,150,150,150,150,150,150,150,150,150,150,150,150,150,150,150,150,150,150,150,150,150,150,150,150,48,100,100,100,100,100,100,100,100,100,100,100,100,100,53,150,150,150,150,150,150,150,150,150,150,150,150,150,150,150,150,150,150,150,150,150,150,150,150,150,150,150,150,150,150,150,150,37
150,150,150,150,150,150,150,150,150,150,150,150,150,150,150,150,150,150,150,150,150,150,150,150,150,150,150,150,150,150,150,150,150,150,150,150,150,150,150,150,150,150,150,150,150,150,150,150,150,150,150,150,48,100,100,100,100,100,100,100,100,100,100,100,100,100,49,3,5,150,150,150,150,150,150,150,150,150,150,150,150,150,150,150,150,150,150,150,150,150,150,150,150,150,150,150,150,150,150,37
150,150,150,150,150,150,150,150,150,150,150,150,150,150,150,150,150,150,150,150,150,150,150,150,150,150,150,150,150,150,150,150,150,150,150,150,150,150,150,150,150,150,150,150,150,150,150,150,150,150,150,150,48,100,100,100,100,100,100,100,100,25,26,100,100,100,100,100,53,150,150,150,150,150,150,150,150,150,150,150,150,150,150,150,150,150,150,150,150,150,150,150,150,150,150,150,150,150,150,37
150,150,150,150,150,150,150,150,150,150,150,150,150,150,150,150,150,150,150,150,150,150,150,150,150,150,150,150,150,150,150,150,150,150,150,150,150,150,150,150,150,150,150,150,150,150,150,150,150,150,150,150,120,123,123,123,26,100,100,100,25,97,50,100,100,100,100,25,125,150,150,150,150,150,150,150,150,150,150,150,150,150,150,150,150,150,150,150,150,150,150,150,150,150,150,150,150,150,13,63
150,150,150,150,150,150,150,150,150,150,150,150,150,150,150,150,150,150,150,150,150,150,150,150,150,150,150,150,150,150,150,150,150,150,150,150,150,150,150,150,150,150,150,150,150,150,150,150,150,150,150,150,150,150,150,150,120,122,123,122,125,120,123,26,100,100,100,53,150,150,150,150,150,150,150,150,150,150,150,150,150,150,150,150,150,150,150,150,150,150,150,150,150,150,150,150,150,150,37,40
150,150,150,150,150,150,150,150,150,150,150,150,150,150,150,150,150,150,150,150,150,150,150,150,150,150,150,150,150,150,150,150,150,150,150,150,150,150,150,150,150,150,150,150,150,150,150,150,150,150,150,150,150,150,150,150,150,150,150,150,150,150,150,48,100,25,122,125,150,150,150,150,150,150,150,150,150,150,150,150,150,150,150,150,150,150,150,150,150,150,150,150,150,150,150,150,150,150,37,40
150,150,150,150,150,150,150,150,150,150,150,150,150,150,150,150,150,150,150,150,150,150,150,150,150,150,150,150,150,150,150,150,150,150,150,150,150,150,150,150,150,150,150,150,150,150,150,150,150,150,150,150,150,150,150,150,150,150,150,150,150,150,150,72,100,53,150,150,150,150,150,150,150,150,150,150,150,150,150,150,150,150,150,150,150,150,150,150,150,150,150,150,150,150,150,150,150,150,37,40
150,150,150,150,150,150,150,150,150,150,150,150,150,150,150,150,150,150,150,150,150,150,150,150,150,150,150,150,150,150,150,150,150,150,150,150,150,150,150,150,150,150,150,150,150,150,150,150,150,150,150,150,150,150,150,150,150,150,150,150,150,150,150,120,123,125,150,150,150,150,150,150,150,150,150,150,150,150,150,150,150,150,150,150,150,150,150,150,150,150,150,150,150,150,150,150,150,13,63,40
150,150,150,150,150,150,150,150,150,150,150,150,150,150,150,150,150,150,150,150,150,150,150,150,150,150,150,150,150,150,150,150,150,150,150,150,150,150,150,150,150,150,150,150,150,150,150,150,150,150,150,150,150,150,150,150,150,150,150,150,150,150,150,150,150,150,150,150,150,150,150,150,150,150,150,150,150,150,150,150,150,150,150,150,150,150,150,150,150,150,150,150,150,150,150,150,150,37,40,40
150,150,150,150,150,150,150,150,150,150,150,150,150,150,150,150,150,150,150,150,150,150,150,150,150,150,150,150,150,150,150,150,150,150,150,150,150,150,150,150,150,150,150,150,150,150,150,150,150,150,150,150,150,150,150,150,150,150,150,150,150,150,150,150,150,150,150,150,150,150,150,150,150,150,150,150,150,150,150,150,150,150,150,150,150,150,150,150,150,150,150,150,150,150,150,150,150,37,40,40
150,150,150,150,150,150,150,150,150,150,150,150,150,150,150,150,150,150,150,150,150,150,150,150,150,150,150,150,150,150,150,150,150,150,150,150,150,150,150,150,150,150,150,150,150,150,150,150,150,150,150,150,150,150,150,150,150,150,150,150,150,150,150,150,150,150,150,150,150,150,150,150,150,150,150,150,150,150,150,150,150,150,150,150,150,150,150,150,150,150,150,150,150,150,150,150,13,63,40,40
150,150,150,150,150,150,150,150,150,150,150,150,150,150,150,150,150,150,150,150,150,150,150,150,150,150,150,150,150,150,150,150,150,150,150,150,150,150,150,150,150,150,150,150,150,150,150,150,150,150,150,150,150,150,150,150,150,150,150,150,150,150,150,150,150,150,150,150,150,150,150,150,150,150,150,150,150,150,150,150,150,150,150,150,150,150,150,150,150,150,150,150,150,150,150,150,37,40,40,40
150,150,150,150,150,150,150,150,150,150,150,150,150,150,150,150,150,150,150,150,150,150,150,150,150,150,150,150,150,150,150,150,150,150,150,150,150,150,150,150,150,150,150,150,150,150,150,150,150,150,150,150,150,150,150,150,150,150,150,150,150,150,150,150,150,150,150,150,150,150,150,150,150,150,150,150,150,150,150,150,150,150,150,150,150,150,150,150,150,150,150,150,150,150,150,13,63,40,40,40
150,150,150,150,150,150,150,150,150,150,150,150,150,150,150,150,150,150,150,150,150,150,150,150,150,150,150,150,150,150,150,150,150,150,150,150,150,150,150,150,150,150,150,150,150,150,150,150,150,150,150,150,150,150,150,150,150,150,150,150,150,150,150,150,150,150,150,150,150,150,150,150,150,150,150,150,150,150,150,150,150,150,150,150,150,150,150,150,150,150,150,150,150,150,13,63,40,40,40,40
150,150,150,150,150,150,150,150,150,150,150,150,150,150,150,150,150,150,150,150,150,150,150,150,150,150,150,150,150,150,150,150,150,150,150,150,150,150,150,150,150,150,150,150,150,150,150,150,150,150,150,150,150,150,150,150,150,150,150,150,150,150,150,150,150,150,150,150,150,150,150,150,150,150,150,150,150,150,150,150,150,150,150,150,150,150,150,150,150,150,150,150,150,150,37,40,40,40,40,40
150,150,150,150,150,150,150,150,150,150,150,150,150,150,0,3,3,3,5,150,150,150,150,150,150,150,150,150,150,150,150,150,150,150,150,150,150,150,150,150,150,150,150,150,150,150,150,150,150,150,150,150,150,150,150,150,150,150,150,150,150,150,150,150,150,150,150,150,150,150,150,150,150,150,150,150,150,150,150,150,150,150,150,150,150,150,150,150,150,150,150,150,150,150,37,40,40,40,40,40
150,150,150,150,150,150,150,150,150,150,150,150,150,150,72,100,100,100,29,150,150,150,150,150,150,150,150,150,150,150,150,150,150,150,150,150,150,150,150,150,150,150,150,150,150,150,150,150,150,150,150,150,150,150,150,150,150,150,150,150,150,150,150,150,150,150,150,150,150,150,150,150,150,150,150,150,150,150,150,150,150,150,150,150,150,150,150,150,150,150,150,150,150,150,133,39,40,40,40,40
150,150,150,150,150,150,150,150,150,150,150,150,0,2,50,100,100,100,29,150,150,150,150,150,150,150,150,150,150,150,150,150,150,150,150,150,150,150,150,150,150,150,150,150,150,150,150,150,150,150,150,150,150,150,150,150,150,150,150,150,150,150,150,150,150,150,150,150,150,150,150,150,150,150,150,150,150,150,150,150,150,150,150,150,150,150,150,150,150,150,150,150,150,150,150,37,40,40,40,40
150,150,150,150,150,150,150,150,150,150,150,150,24,100,100,100,25,123,125,150,150,150,150,150,150,150,150,150,150,150,150,150,150,150,150,150,150,150,150,150,150,150,150,150,150,150,150,150,150,150,150,150,150,150,150,150,150,150,150,150,150,150,150,150,150,150,150,150,150,150,150,150,150,150,150,150,150,150,150,150,150,150,150,150,150,150,150,150,150,150,150,150,150,150,150,133,134,39,40,40
150,150,150,150,150,150,150,150,150,150,150,0,50,100,100,100,29,150,150,150,150,150,150,150,150,150,150,150,150,150,150,150,150,150,150,150,150,150,150,150,150,150,150,150,150,150,150,150,150,150,150,150,150,150,150,150,150,150,150,150,150,150,150,150,150,150,150,150,150,150,150,150,150,150,150,150,150,150,150,150,150,150,150,150,150,150,150,150,150,150,150,150,150,150,150,150,150,133,135,137
150,150,150,150,150,150,150,150,150,150,150,24,100,100,100,100,49,5,150,150,150,150,150,150,150,150,150,150,150,150,150,150,150,150,150,150,150,150,150,150,150,150,150,150,150,150,150,150,150,150,150,150,150,150,150,150,150,150,150,150,150,150,150,150,150,150,150,150,150,150,150,150,150,150,150,150,150,150,150,150,150,150,150,150,150,150,150,150,150,150,150,150,150,150,150,150,150,150,150,150
150,150,150,150,150,150,150,150,150,150,150,24,100,100,100,100,100,29,150,150,150,150,150,150,150,150,150,150,150,150,150,150,150,150,150,150,150,150,150,150,150,150,150,150,150,150,150,150,150,150,150,150,150,150,150,150,150,150,150,150,150,150,150,150,150,150,150,150,150,150,150,150,150,150,150,150,150,150,150,150,150,150,150,150,150,150,150,150,150,150,150,150,150,150,150,150,150,150,150,150
150,150,150,150,150,150,150,150,150,150,150,24,100,100,100,100,100,29,150,150,150,150,150,150,150,150,150,150,150,150,150,150,150,150,150,150,150,150,150,150,150,150,150,150,150,150,150,150,150,150,150,150,150,150,150,150,150,150,150,150,150,150,150,150,150,150,150,150,150,150,150,150,150,150,150,150,150,150,150,150,150,150,150,150,150,150,150,150,0,2,2,5,150,150,150,150,150,150,150,150
150,150,150,150,150,150,150,150,150,150,150,120,124,124,26,100,100,49,5,150,150,150,150,150,150,150,150,150,150,150,150,150,150,150,150,150,150,150,150,150,150,150,150,150,150,150,150,150,150,150,150,150,150,150,150,150,150,150,150,150,150,150,150,150,150,150,150,150,150,150,150,150,150,150,150,150,150,150,150,150,150,150,150,150,150,150,150,150,24,100,100,49,2,2,5,150,150,150,0,2
150,150,150,150,150,150,150,150,150,150,150,150,150,150,24,100,100,100,29,150,150,150,150,150,150,150,150,150,150,150,150,150,150,150,150,150,150,150,150,150,150,150,150,150,150,150,150,150,150,150,150,150,150,150,150,150,150,150,150,150,150,150,150,150,150,150,150,150,150,150,150,150,150,150,150,150,150,150,150,150,150,150,150,150,150,150,150,0,50,100,100,100,100,100,49,2,2,2,50,100
150,150,150,150,150,150,150,150,150,150,150,150,150,150,120,26,100,100,29,150,150,150,150,150,150,150,150,150,150,150,150,150,150,150,150,150,150,150,150,150,150,150,150,150,150,150,150,150,150,150,150,150,150,150,150,150,150,150,150,150,150,150,150,150,150,150,150,150,150,150,150,150,150,150,150,150,150,150,150,150,150,150,150,150,150,150,0,50,100,100,100,100,100,100,100,100,100,100,100,100
150,150,150,150,150,150,150,150,150,150,150,150,150,150,150,24,100,100,29,150,150,150,150,150,150,150,150,150,150,150,150,150,150,150,150,150,150,150,150,150,150,150,150,150,150,150,150,150,150,150,150,150,150,150,150,150,150,150,150,150,150,150,150,150,150,150,150,150,150,150,150,150,150,150,150,150,150,150,150,150,150,150,150,150,150,0,50,100,100,100,100,100,100,100,100,100,100,100,100,100
150,150,150,150,150,150,150,150,150,150,150,150,150,150,150,120,124,124,125,150,150,150,150,150,150,150,150,150,150,150,150,150,150,150,150,150,150,150,150,150,150,150,150,150,150,150,150,150,150,150,150,150,150,150,150,150,150,150,150,150,150,150,150,150,150,150,150,150,150,150,150,150,150,150,150,150,150,150,150,150,150,150,150,150,0,50,100,100,100,100,100,100,100,100,100,100,100,100,100,100
150,150,150,150,150,150,150,150,150,150,150,150,150,150,150,150,150,150,150,150,150,150,150,150,150,150,150,150,150,150,150,150,150,150,150,150,150,150,150,150,150,150,150,150,150,150,150,150,150,150,150,150,150,150,150,150,150,150,150,150,150,150,150,150,150,150,150,150,150,150,150,150,150,150,150,150,150,150,150,150,150,150,150,0,50,100,100,100,100,100,100,100,100,100,100,100,100,100,100,100
150,150,150,150,150,150,150,150,150,150,150,150,150,150,150,150,150,150,150,150,150,150,150,150,150,150,150,150,150,150,150,150,150,150,150,150,150,150,150,150,150,150,150,150,150,150,150,150,150,150,150,150,150,150,150,150,150,150,150,150,150,150,150,150,150,150,150,150,150,150,150,150,150,150,150,150,150,150,150,150,0,4,4,50,100,100,100,100,100,100,100,100,100,100,100,100,100,100,100,100
150,150,150,150,150,150,150,150,150,150,150,150,150,150,150,150,150,150,150,150,150,150,150,150,150,150,150,150,150,150,150,150,150,150,150,150,150,150,150,150,150,150,150,150,150,150,150,150,150,150,150,150,150,150,150,150,150,150,150,150,150,150,150,150,150,150,150,150,150,150,150,150,150,150,150,150,150,150,150,150,24,100,100,100,100,100,100,100,100,100,100,100,100,100,100,100,100,100,100,100
150,150,150,150,150,150,150,150,150,150,150,150,150,150,150,150,150,150,150,150,150,150,150,150,150,150,150,150,150,150,150,150,150,150,150,150,150,150,150,150,150,150,150,150,150,150,150,150,150,150,150,150,150,150,150,150,150,150,150,150,150,150,150,150,150,150,150,150,150,150,150,150,150,150,150,150,150,150,150,150,24,100,100,100,100,100,100,100,100,100,100,100,100,100,100,100,100,100,100,100
150,150,150,150,150,150,150,150,150,150,150,150,150,150,150,150,150,150,150,150,150,150,150,150,150,150,150,150,150,150,150,150,150,150,150,150,150,150,150,150,150,150,150,150,150,150,150,150,150,150,150,150,150,150,150,150,150,150,150,150,150,150,150,150,150,150,150,150,150,150,150,150,150,150,150,150,150,150,150,0,50,100,100,100,100,100,100,100,100,100,100,100,100,100,100,100,100,100,100,100
150,150,150,150,150,150,150,150,150,150,150,150,150,150,150,150,150,150,150,150,150,150,150,150,150,150,150,150,150,150,150,150,150,150,150,150,150,150,150,150,150,150,150,150,150,150,150,150,150,150,150,150,150,150,150,150,150,150,150,150,150,150,150,150,150,150,150,150,150,150,150,150,150,150,150,150,150,150,150,24,100,100,100,100,100,100,100,100,100,100,100,100,100,100,100,100,100,100,100,100
149,150,150,150,150,150,150,150,150,150,150,150,150,150,150,150,150,150,150,150,150,150,150,150,150,150,150,150,150,150,150,150,150,150,150,150,150,150,150,150,150,150,150,150,150,150,150,150,150,150,150,150,150,150,150,150,150,150,150,150,150,150,150,150,150,150,150,150,150,150,150,150,150,150,150,150,150,150,150,24,100,100,100,100,100,100,100,100,100,100,100,100,100,100,100,100,100,100,100,100
173,150,150,150,150,150,150,150,150,150,150,150,150,150,150,150,150,150,150,150,150,150,150,150,150,150,150,150,150,150,150,150,150,150,150,150,150,150,150,150,150,150,150,150,150,150,150,150,150,150,150,150,150,150,150,150,150,150,150,150,150,150,150,150,150,150,150,150,150,150,150,150,150,150,150,150,150,150,150,24,100,100,100,100,100,100,100,100,100,100,100,100,100,100,100,100,100,100,100,100
193,149,150,150,150,150,150,150,150,150,150,150,150,150,150,150,150,150,150,150,150,150,150,150,150,150,150,150,150,150,150,150,150,150,150,150,150,150,150,150,150,150,150,150,150,150,150,150,150,150,150,150,150,150,150,150,150,150,150,150,150,150,150,150,150,150,150,150,150,150,150,150,150,150,150,150,150,150,150,24,100,100,100,100,100,100,100,100,100,100,100,100,100,100,100,100,100,100,100,100
244,173,150,150,150,150,150,150,150,150,150,150,150,150,150,150,150,150,150,150,150,150,150,150,150,150,150,150,150,150,150,150,150,150,150,150,150,150,150,150,150,150,150,150,150,150,150,150,150,150,150,150,150,150,150,150,150,150,150,150,150,150,150,150,150,150,150,150,150,150,150,150,150,150,150,150,150,150,150,24,100,100,100,100,100,100,100,100,100,100,100,100,100,100,100,100,100,100,100,100
219,193,146,149,150,150,150,150,150,150,150,150,150,150,150,150,150,150,150,150,150,150,150,150,150,150,150,150,150,150,150,150,150,150,150,150,150,150,150,150,150,150,150,150,150,150,150,150,150,150,150,150,150,150,150,150,150,150,150,150,150,150,150,150,150,13,15,15,15,15,15,18,150,150,150,150,150,150,150,24,100,100,100,100,100,100,100,100,100,100,100,100,100,100,100,100,100,100,100,100
219,219,244,173,150,150,150,150,150,150,150,150,150,150,150,150,150,150,150,150,150,150,150,150,150,150,150,150,150,150,150,150,150,150,150,150,150,150,150,150,150,150,150,150,150,150,150,150,150,150,150,150,150,150,150,150,150,150,150,150,150,150,150,150,13,63,40,40,40,40,40,42,150,150,150,150,150,150,150,72,100,100,100,100,100,100,100,100,100,100,100,100,100,100,100,100,100,100,100,100
219,219,244,193,149,150,150,150,150,150,150,150,150,150,150,150,150,150,150,150,150,150,150,150,150,150,150,150,150,150,150,150,150,150,150,150,150,150,150,150,150,150,150,150,150,150,150,150,150,150,150,150,150,150,150,150,150,150,150,150,150,150,150,13,63,40,40,40,40,40,40,62,18,150,150,150,150,150,150,72,100,100,100,100,100,100,100,100,100,100,100,100,100,100,100,100,100,100,100,100
219,219,219,244,221,150,150,150,150,150,150,150,150,150,150,150,150,150,150,150,150,150,150,150,150,150,150,150,150,150,150,150,150,150,150,150,150,150,150,150,150,150,150,150,150,150,150,150,150,150,150,150,150,150,150,150,150,150,150,150,150,150,150,61,40,40,40,40,40,40,40,40,66,150,150,150,150,150,150,120,26,100,100,100,100,100,100,100,100,100,100,100,100,100,100,100,100,100,100,100
219,219,219,244,245,150,150,150,150,150,150,150,150,150,150,150,150,150,150,150,150,150,150,150,150,150,150,150,150,150,150,150,150,150,150,150,150,150,150,150,150,150,150,150,150,150,150,150,150,150,150,150,150,150,150,150,150,150,150,150,150,150,13,63,40,40,40,40,40,40,40,40,66,150,150,150,150,150,150,150,120,122,26,100,100,100,100,100,100,100,100,100,100,100,100,100,100,100,100,100
219,219,219,244,245,150,150,150,150,150,150,150,150,150,150,150,150,150,150,150,150,150,150,150,150,150,150,150,150,150,150,150,150,150,150,150,150,150,150,150,150,150,150,150,150,150,150,150,150,150,150,150,150,150,150,150,150,150,150,150,150,13,63,40,40,40,40,40,40,40,40,40,66,150,150,150,150,150,150,150,150,150,24,100,100,100,100,100,100,100,100,100,100,100,100,100,100,100,100,100
219,219,219,219,193,148,149,150,150,150,150,150,144,148,148,148,148,149,150,150,150,150,150,150,150,150,150,150,150,150,150,150,150,150,150,150,150,150,150,150,150,150,150,150,150,150,150,150,150,150,150,150,150,150,150,150,150,150,150,150,13,63,40,40,40,40,40,40,40,40,38,136,138,150,150,150,150,150,150,150,150,150,24,100,100,100,100,100,100,100,100,100,100,100,100,100,100,100,100,100
219,219,219,219,219,219,193,148,148,148,148,148,194,219,219,219,219,197,174,150,150,150,150,150,150,150,150,150,150,150,150,150,150,150,150,150,150,150,150,150,150,150,150,150,150,150,150,150,150,150,150,150,150,150,150,150,150,150,150,150,61,40,40,40,40,38,136,136,136,136,138,150,150,150,150,150,150,150,150,150,150,0,50,100,100,100,100,100,100,100,100,100,100,100,100,100,100,100,100,100
219,219,219,219,219,219,219,219,219,219,219,219,219,219,219,219,219,193,148,149,150,150,150,150,150,150,150,150,150,150,150,150,150,150,150,150,150,150,150,150,150,150,150,150,150,150,150,150,150,150,150,150,150,150,150,150,150,150,150,13,63,40,40,40,40,66,150,150,150,150,150,150,150,150,150,150,150,150,0,2,2,50,100,100,100,100,100,100,100,100,100,100,100,100,100,100,100,100,100,100
219,219,219,219,219,219,219,219,219,219,219,219,219,219,219,219,219,219,195,221,150,150,150,150,150,150,150,150,150,150,150,150,150,150,150,150,150,150,150,150,150,150,150,150,150,150,150,150,150,150,150,150,150,150,150,150,150,150,150,61,40,40,40,38,136,138,150,150,150,150,150,150,150,150,150,150,0,2,50,100,100,100,100,100,100,100,100,100,100,100,100,100,100,100,100,100,100,100,100,100
219,219,219,219,219,219,219,219,219,219,219,219,219,219,219,219,219,219,219,193,149,150,144,148,149,150,150,150,150,150,150,150,150,150,150,150,150,150,150,150,150,150,150,150,150,150,150,150,150,150,150,150,150,150,150,150,150,150,150,133,136,136,39,66,150,150,150,150,150,150,150,150,150,150,0,2,50,100,100,100,100,100,100,100,100,100,100,100,100,100,100,100,100,100,100,100,100,100,100,100
219,219,219,219,219,219,219,219,219,219,219,219,219,219,219,219,219,219,219,219,193,148,194,219,193,149,150,150,150,150,150,150,150,150,150,150,150,150,150,150,150,150,150,150,150,150,150,150,150,150,150,150,150,150,150,150,150,150,150,150,150,150,133,138,150,150,150,150,150,150,150,150,0,4,50,100,100,100,100,100,100,100,100,100,100,100,100,100,100,100,100,100,100,100,100,100,100,100,100,100
219,219,219,219,219,219,219,219,219,219,219,219,219,219,219,219,219,219,219,219,219,219,219,219,219,193,149,150,150,150,150,150,150,150,150,150,150,150,150,150,150,150,150,150,150,150,150,150,150,150,150,150,150,150,150,150,150,150,150,150,150,150,150,150,150,150,150,150,150,150,150,0,50,100,100,100,100,100,100,100,100,100,100,100,100,100,100,100,100,100,100,100,100,100,100,100,100,100,100,100
219,219,219,219,219,219,219,219,219,219,219,219,219,219,219,219,219,219,219,219,219,219,219,219,219,195,173,150,150,150,150,150,150,150,150,150,150,150,150,150,150,150,150,150,150,150,150,150,150,150,150,150,150,150,150,150,150,150,150,150,150,150,150,150,150,150,150,150,150,150,0,50,100,100,100,100,100,100,100,100,100,100,100,100,100,100,100,100,100,100,100,100,100,100,100,100,100,100,100,100
219,219,219,219,219,219,219,219,219,219,219,219,219,219,219,219,219,219,219,219,219,219,219,219,219,219,173,150,150,150,150,150,150,150,150,150,150,150,150,150,150,150,150,150,150,150,150,150,150,150,150,150,150,150,150,150,150,150,150,150,150,150,150,150,150,150,150,150,150,0,50,100,100,100,100,100,100,100,100,100,100,100,100,100,100,100,100,100,100,100,100,100,100,100,100,100,100,100,100,100
219,219,219,219,219,219,219,219,219,219,219,219,219,219,219,219,219,219,219,219,219,219,219,219,219,219,173,150,150,150,150,150,150,150,150,150,150,150,150,150,150,150,150,150,150,150,150,150,150,150,150,150,150,150,150,150,150,150,150,150,150,150,150,150,150,150,150,150,150,24,100,100,100,100,100,100,100,100,100,100,100,100,100,100,100,100,100,100,100,100,100,100,100,100,100,100,100,100,100,100
219,219,219,219,219,219,219,219,219,219,219,219,219,219,219,219,219,219,219,219,219,219,219,219,219,219,245,150,150,150,150,150,150,150,150,150,150,150,150,150,150,150,150,150,150,150,150,150,150,150,150,150,150,150,150,150,150,150,150,150,150,150,150,150,150,150,150,150,150,24,100,100,100,100,100,100,100,100,100,100,100,100,100,100,100,100,100,100,100,100,100,100,100,100,100,100,100,100,100,100
219,219,219,219,219,219,219,219,219,219,219,219,219,219,219,219,219,219,219,219,219,219,219,219,219,219,193,149,150,150,150,150,150,150,150,150,150,150,150,150,150,150,150,150,150,150,150,150,150,150,150,150,150,150,150,150,150,150,150,150,150,150,150,150,150,150,150,150,150,24,100,100,100,100,100,100,100,100,100,100,100,100,100,100,100,100,100,100,100,100,100,100,100,100,100,100,100,100,100,100
